"DomainLength","IsDomainIP","TLD","TLDLength","NoOfSubDomain","NoOfAmpersandInURL","HasTitle"
21,0,96,3,1,0,1
22,0,258,3,1,0,1
22,0,345,2,2,0,1
27,0,96,3,1,0,1
35,0,96,3,2,0,1
21,0,96,3,1,0,0
30,0,96,3,2,0,0
21,0,345,2,2,0,1
16,0,225,2,1,0,1
19,0,94,2,1,0,1
19,0,123,3,2,0,1
39,0,113,3,2,0,0
14,0,110,2,1,0,1
28,0,367,2,2,0,0
23,0,243,7,2,0,0
19,0,96,3,1,0,1
16,0,82,2,1,0,1
28,0,302,4,1,0,1
17,0,242,3,1,0,1
13,0,276,2,1,0,1
15,0,302,4,1,0,0
29,0,270,2,2,0,1
18,0,35,2,1,0,1
19,0,258,3,1,0,1
12,0,180,2,1,0,1
20,0,290,2,2,0,1
13,0,116,2,1,0,1
37,0,45,3,1,0,1
17,0,96,3,1,0,1
26,0,91,4,1,0,0
17,0,43,2,1,0,1
15,0,96,3,1,0,1
38,0,300,4,2,0,1
11,0,49,2,1,0,1
25,0,258,3,1,0,1
9,0,84,2,1,0,1
28,0,96,3,1,0,1
22,0,96,3,1,0,1
22,0,96,3,1,0,1
42,0,96,3,1,0,1
18,0,258,3,1,0,1
26,0,96,3,1,0,1
33,0,345,2,2,0,1
18,0,346,2,1,0,1
30,0,96,3,1,0,1
21,0,50,2,2,0,1
24,0,96,3,1,0,1
21,0,96,3,1,0,1
29,0,96,3,1,0,1
21,0,345,2,3,0,1
20,0,96,3,1,0,1
23,0,96,3,1,0,1
19,0,96,3,1,0,1
17,0,96,3,1,0,1
10,0,84,2,1,0,1
73,0,205,4,2,0,0
22,0,109,4,0,0,1
11,0,75,2,1,0,1
9,0,290,2,0,0,1
21,0,346,2,1,0,1
27,0,96,3,2,0,1
37,0,113,3,2,0,1
26,0,96,3,1,0,1
16,0,96,3,1,0,1
27,0,96,3,1,0,1
21,0,238,2,2,0,1
17,0,96,3,1,0,1
19,0,296,2,1,0,1
17,0,96,3,1,0,1
19,0,96,3,1,0,1
17,0,96,3,1,0,1
19,0,258,3,1,0,1
31,0,65,3,1,0,1
27,0,96,3,1,0,0
13,0,96,3,1,0,1
16,0,96,3,2,0,0
20,0,96,3,1,0,1
13,0,96,3,1,0,1
28,0,96,3,1,0,1
27,0,290,2,3,0,1
23,0,96,3,1,0,1
18,0,96,3,1,0,0
13,1,22,3,2,0,1
18,0,45,3,1,0,1
24,0,96,3,1,0,0
14,0,96,3,0,0,0
26,0,96,3,1,0,0
27,0,96,3,2,0,1
15,0,96,3,1,0,1
18,0,258,3,1,0,1
12,0,242,3,1,0,1
16,0,242,3,1,0,1
46,0,113,3,2,0,1
23,0,323,4,2,0,1
18,0,96,3,1,0,1
37,0,96,3,1,0,0
21,0,96,3,1,0,1
10,0,162,2,1,0,1
24,0,223,3,2,0,1
7,0,180,2,0,0,1
20,0,96,3,1,0,1
20,0,96,3,1,0,1
13,0,82,2,1,0,1
14,0,96,3,0,0,1
27,0,302,4,1,0,1
18,0,96,3,1,0,1
17,0,153,2,1,0,1
11,0,258,3,0,2,1
21,0,91,4,2,0,1
12,0,96,3,1,0,1
26,0,187,2,1,0,1
10,0,216,2,0,0,0
21,0,258,3,1,0,0
22,0,96,3,1,0,1
11,0,56,2,1,0,1
23,0,258,3,1,0,1
52,0,335,3,3,0,1
16,0,96,3,0,0,1
26,0,46,2,2,0,1
20,0,345,2,2,0,1
29,0,96,3,1,0,1
16,0,248,2,1,0,1
15,0,296,2,1,0,1
11,0,96,3,0,0,0
11,0,351,3,0,0,1
16,0,96,3,1,0,1
24,0,96,3,1,0,1
19,0,290,2,1,0,1
16,0,96,3,1,0,1
21,0,96,3,1,0,1
19,0,65,3,2,0,0
31,0,221,2,1,0,1
13,0,96,3,0,0,0
29,0,96,3,2,0,0
28,0,96,3,1,0,1
21,0,96,3,1,0,1
12,0,96,3,1,0,1
16,0,345,2,2,0,1
16,0,359,4,1,0,1
16,0,96,3,1,0,1
37,0,335,3,3,0,1
16,0,96,3,1,0,1
20,0,223,3,3,0,1
20,0,94,2,1,0,1
7,0,180,2,0,0,1
9,0,136,2,0,0,1
20,0,96,3,1,0,1
23,0,96,3,1,0,1
23,0,96,3,1,0,1
17,0,96,3,1,0,1
25,0,96,3,1,0,1
39,0,346,2,2,0,1
18,0,345,2,1,0,1
14,0,345,2,2,0,1
13,0,96,3,1,0,1
47,0,94,2,2,0,1
26,0,96,3,2,0,0
17,0,96,3,1,0,1
13,0,96,3,1,0,1
23,0,96,3,1,0,1
39,0,94,2,2,0,1
20,0,96,3,1,0,1
17,0,258,3,1,0,1
20,0,290,2,2,0,1
29,0,290,2,4,0,1
21,0,96,3,1,0,1
23,0,96,3,1,0,1
25,0,50,2,2,0,1
16,0,343,2,3,0,1
25,0,223,3,2,0,1
16,0,289,2,1,0,1
34,0,221,2,1,0,1
31,0,96,3,1,0,1
17,0,96,3,1,0,1
20,0,96,3,1,0,1
21,0,242,3,1,0,1
21,0,96,3,1,0,0
15,0,139,2,1,0,1
14,0,96,3,1,0,1
26,0,296,2,1,0,1
14,0,96,3,1,0,1
21,0,96,3,1,0,0
17,0,96,3,1,0,1
15,0,96,3,1,0,1
17,0,96,3,1,0,1
20,0,96,3,1,0,1
21,0,96,3,1,0,1
16,0,187,2,2,0,1
15,0,242,3,1,0,0
20,0,96,3,1,0,1
17,0,242,3,1,0,1
17,0,346,2,1,0,1
28,0,96,3,1,0,1
47,0,94,2,2,0,1
16,0,96,3,0,0,1
14,0,258,3,1,0,1
13,0,237,2,2,0,0
21,0,96,3,1,0,1
19,0,96,3,1,0,1
19,0,258,3,1,0,1
16,0,96,3,1,0,1
15,0,75,2,1,0,1
15,0,127,2,1,0,1
15,0,345,2,2,0,1
22,0,249,2,1,0,1
14,0,82,2,1,0,1
16,0,242,3,1,0,0
18,0,345,2,2,0,1
30,0,96,3,1,0,0
26,0,270,2,2,0,1
16,0,96,3,1,0,1
22,0,345,2,2,0,1
16,0,96,3,1,0,1
20,0,150,3,2,0,1
17,0,96,3,1,0,1
24,0,136,2,2,0,1
19,0,367,2,2,0,1
25,0,96,3,1,0,1
23,0,96,3,1,0,1
20,0,187,2,2,0,1
21,0,176,4,1,0,0
23,0,242,3,0,0,0
22,0,96,3,1,0,1
19,0,96,3,1,0,1
18,0,345,2,2,0,1
19,0,96,3,1,0,1
18,0,150,3,1,0,1
48,0,94,2,1,0,1
21,0,96,3,1,0,1
29,0,96,3,2,0,1
14,0,96,3,1,0,1
14,0,96,3,0,0,0
32,0,284,4,1,0,1
22,0,96,3,1,0,1
16,0,359,4,1,0,1
14,0,96,3,1,0,1
18,0,225,2,1,0,1
17,0,187,2,2,0,1
26,0,50,2,2,0,1
19,0,258,3,1,0,1
30,0,345,2,2,0,1
18,0,96,3,1,0,1
20,0,302,4,1,0,0
20,0,50,2,2,0,1
35,0,96,3,1,0,1
24,0,45,3,1,0,0
14,0,136,2,1,0,1
33,0,113,3,2,0,1
15,0,352,2,1,0,1
19,0,45,3,1,0,1
16,0,96,3,1,0,1
15,0,82,2,1,0,1
14,0,56,2,1,0,1
35,0,180,2,1,0,1
29,0,96,3,1,0,1
12,0,183,2,1,0,1
25,0,96,3,1,0,1
32,0,364,3,4,0,0
15,0,96,3,1,0,1
13,0,96,3,0,0,1
18,0,337,2,2,0,1
42,0,96,3,1,0,1
20,0,345,2,3,0,1
17,0,242,3,1,0,0
30,0,96,3,1,0,1
29,0,50,2,2,0,1
21,0,296,2,1,0,0
24,0,96,3,1,0,1
47,0,94,2,2,0,1
24,0,96,3,1,0,1
21,0,96,3,1,0,1
23,0,96,3,1,0,1
29,0,258,3,1,0,1
20,0,96,3,1,0,1
17,0,96,3,1,0,1
12,0,258,3,1,0,1
22,0,96,3,1,0,1
11,0,290,2,1,0,1
22,0,290,2,1,0,1
18,0,113,3,1,0,1
36,0,96,3,1,0,1
19,0,96,3,1,0,1
17,0,96,3,1,0,1
16,0,221,2,2,0,0
17,0,45,3,1,0,1
23,0,96,3,1,0,1
25,0,96,3,0,0,0
16,0,328,2,1,0,1
16,0,242,3,1,0,1
16,0,359,4,1,0,1
13,0,258,3,1,0,1
26,0,96,3,1,0,1
13,0,187,2,1,0,1
57,0,96,3,1,0,1
25,0,242,3,1,0,1
20,0,96,3,1,0,1
27,0,258,3,1,0,1
33,0,96,3,1,0,1
26,0,96,3,1,0,1
11,0,242,3,1,0,1
26,0,50,2,2,0,1
26,0,96,3,1,0,1
24,0,50,2,3,0,1
19,0,96,3,1,0,1
25,0,258,3,1,0,1
29,0,258,3,1,0,1
28,0,258,3,1,0,1
11,0,96,3,1,0,1
12,0,248,2,1,0,1
24,0,96,3,1,0,1
15,0,128,2,1,0,1
28,0,96,3,0,0,1
14,0,290,2,1,0,1
17,0,96,3,1,0,1
14,0,150,3,1,0,1
13,0,96,3,1,0,1
36,0,96,3,1,0,1
17,0,96,3,1,0,1
22,0,258,3,1,0,1
15,0,96,3,1,0,1
40,0,96,3,1,0,1
16,0,276,2,2,0,1
34,0,96,3,2,0,0
15,0,258,3,1,0,1
19,0,96,3,1,0,1
20,0,112,2,1,0,1
23,0,270,2,2,0,1
20,0,96,3,0,0,1
19,0,96,3,1,0,0
14,0,183,2,1,0,1
18,0,50,2,2,0,1
19,0,96,3,1,0,1
27,0,242,3,1,0,0
16,0,96,3,0,0,1
19,0,176,4,1,0,0
25,0,96,3,1,0,1
16,0,96,3,1,0,1
19,0,205,4,2,0,0
21,0,96,3,1,0,1
20,0,96,3,1,0,1
22,0,258,3,1,0,1
18,0,237,2,2,0,1
10,0,112,2,1,0,1
11,0,96,3,1,0,1
23,0,96,3,1,0,1
13,0,96,3,1,0,0
17,0,96,3,1,0,1
13,0,261,4,0,0,1
24,0,96,3,0,0,1
23,0,290,2,3,0,1
28,0,96,3,1,0,1
16,0,359,4,1,0,1
19,0,50,2,2,0,1
20,0,153,2,1,0,1
21,0,96,3,1,0,1
13,0,65,3,1,0,0
24,0,96,3,1,0,1
17,0,335,3,1,0,0
19,0,96,3,1,0,1
16,0,258,3,1,0,1
23,0,176,4,1,0,0
25,0,96,3,1,0,0
7,0,180,2,0,0,1
25,0,242,3,1,0,1
11,0,258,3,1,0,0
20,0,237,2,2,0,1
13,0,96,3,1,0,0
30,0,96,3,1,0,0
23,0,96,3,1,0,1
17,0,258,3,1,0,1
15,0,96,3,1,0,1
25,0,96,3,1,0,1
30,0,94,2,2,0,1
11,0,112,2,1,0,1
24,0,258,3,1,0,1
18,0,96,3,1,0,1
19,0,96,3,1,0,1
23,0,96,3,1,0,1
13,0,96,3,0,0,1
25,0,50,2,1,0,1
22,0,343,2,2,0,1
17,0,96,3,1,0,1
16,0,228,4,1,0,1
22,0,96,3,2,0,1
31,0,270,2,2,0,1
14,0,258,3,1,0,1
20,0,96,3,1,0,1
21,0,96,3,1,0,1
18,0,152,2,1,0,1
17,0,96,3,1,0,1
19,0,96,3,1,0,1
36,0,94,2,2,0,1
31,0,96,3,1,0,1
29,0,96,3,1,0,1
14,0,258,3,1,0,1
24,0,176,4,1,0,1
11,0,96,3,0,0,1
20,0,248,2,1,0,1
14,0,96,3,1,0,1
12,0,340,2,1,0,1
17,0,96,3,1,0,1
16,0,96,3,1,0,1
18,0,137,3,2,0,1
31,0,45,3,2,0,0
10,0,345,2,1,0,1
22,0,96,3,1,0,1
29,0,345,2,2,0,1
32,0,96,3,1,0,1
20,0,96,3,1,0,1
22,0,96,3,1,0,1
16,0,359,4,1,0,1
11,0,128,2,1,0,1
20,0,258,3,1,0,1
16,0,96,3,1,0,0
20,0,127,2,1,0,1
18,0,333,5,1,0,1
15,0,96,3,1,0,0
29,0,96,3,1,0,1
18,0,96,3,0,0,1
74,0,205,4,2,0,1
16,0,96,3,1,0,1
19,0,96,3,1,0,1
19,0,50,2,2,0,0
22,0,45,3,1,0,1
39,0,261,4,2,0,1
28,0,96,3,1,0,1
23,0,96,3,0,0,1
19,0,187,2,2,0,1
16,0,96,3,1,0,1
37,0,180,2,1,0,1
18,0,96,3,0,0,1
12,0,258,3,1,0,1
42,0,96,3,1,0,0
14,0,292,2,2,0,1
17,0,242,3,1,0,1
21,0,96,3,1,0,1
19,0,96,3,1,0,1
17,0,258,3,1,0,1
31,0,96,3,1,0,0
17,0,258,3,1,0,1
20,0,258,3,1,0,1
33,0,96,3,1,0,1
38,0,164,4,1,0,1
23,0,96,3,1,0,1
10,0,35,2,1,0,1
30,0,96,3,1,0,1
15,0,96,3,1,0,1
17,0,96,3,0,0,1
14,0,258,3,1,0,1
16,0,96,3,1,0,1
16,0,96,3,1,0,1
49,0,343,2,2,0,0
21,0,96,3,1,0,1
14,0,258,3,1,0,1
28,0,96,3,1,0,1
25,0,71,2,2,0,1
24,0,50,2,2,0,1
29,0,302,4,1,0,1
19,0,96,3,1,0,1
18,0,96,3,0,0,1
15,0,96,3,1,0,1
11,0,340,2,1,0,1
21,0,94,2,2,0,1
22,0,258,3,1,0,0
24,0,45,3,1,0,1
37,0,55,2,2,0,0
20,0,96,3,1,0,1
16,0,96,3,1,0,1
10,0,266,2,1,0,1
21,0,96,3,1,0,0
26,0,96,3,1,0,1
23,0,96,3,0,0,1
32,0,96,3,1,0,1
19,0,96,3,1,0,1
43,0,96,3,2,0,0
16,0,96,3,1,0,1
19,0,96,3,1,0,0
15,0,258,3,1,0,1
20,0,45,3,1,0,1
13,0,96,3,1,0,1
18,0,93,2,1,0,1
16,0,96,3,1,3,0
20,0,258,3,1,0,1
37,0,96,3,1,0,0
14,0,123,3,1,0,1
52,0,335,3,5,0,1
13,0,123,3,1,0,1
69,0,205,4,3,0,1
14,0,96,3,1,0,1
15,0,96,3,1,0,1
21,0,96,3,1,0,1
46,0,335,3,3,0,1
27,0,367,2,2,0,1
16,0,221,2,1,0,0
17,0,96,3,1,0,1
13,0,96,3,1,0,1
45,0,180,2,1,0,1
14,0,75,2,1,0,1
19,0,170,2,2,0,1
14,0,242,3,1,0,1
74,0,205,4,2,0,0
18,0,242,3,1,0,1
20,0,345,2,2,0,1
20,0,152,2,1,0,1
15,0,96,3,1,0,1
25,0,94,2,1,0,1
14,0,183,2,1,0,1
19,0,74,2,2,0,0
28,0,96,3,1,0,1
19,0,248,2,1,0,1
28,0,96,3,1,0,1
33,0,45,3,1,0,1
17,0,96,3,1,0,0
24,0,276,2,2,0,1
20,0,181,2,1,0,0
13,0,96,3,1,0,1
14,0,364,3,1,0,1
25,0,176,4,1,0,1
17,0,128,2,1,0,1
15,0,96,3,1,0,1
13,0,270,2,1,0,1
21,0,170,2,1,0,1
35,0,113,3,2,0,1
19,0,71,2,2,0,1
12,0,258,3,1,0,1
17,0,345,2,2,0,1
28,0,96,3,2,0,1
15,0,238,2,2,0,1
17,0,96,3,0,0,1
21,0,346,2,2,0,1
16,0,96,3,1,0,1
16,0,96,3,1,0,1
25,0,96,3,2,0,1
20,0,45,3,1,0,1
15,0,364,3,1,0,1
16,0,96,3,1,0,1
13,0,258,3,1,0,1
15,0,258,3,1,0,1
14,0,175,2,1,0,1
11,0,94,2,1,0,1
20,0,290,2,2,0,1
47,0,96,3,3,0,0
29,0,96,3,0,0,1
22,0,242,3,1,0,0
31,0,96,3,1,0,1
16,0,96,3,1,0,1
19,0,88,2,1,0,1
17,0,96,3,1,0,1
13,0,242,3,1,0,1
25,0,96,3,1,0,1
19,0,128,2,1,0,1
34,0,40,6,2,0,0
24,0,352,2,2,0,1
22,0,112,2,1,0,1
6,0,216,2,0,0,1
25,0,96,3,2,0,1
17,0,349,2,2,0,1
76,0,96,3,2,0,0
18,0,253,2,2,0,1
17,0,96,3,1,0,1
23,0,136,2,1,0,1
66,0,96,3,4,0,1
30,0,91,4,1,0,0
17,0,258,3,1,0,1
25,0,136,2,0,0,1
21,0,242,3,1,0,1
34,0,242,3,1,0,1
29,0,258,3,1,0,1
20,0,96,3,1,0,1
16,0,96,3,1,0,1
27,0,258,3,1,0,1
24,0,96,3,1,0,1
13,0,159,2,1,0,1
12,0,112,2,1,0,1
23,0,96,3,1,0,0
20,0,345,2,3,0,1
46,0,206,4,3,0,1
15,0,159,2,2,0,1
9,0,136,2,1,0,0
16,0,223,3,2,0,1
20,0,96,3,1,0,1
12,1,10,3,2,0,1
35,0,96,3,1,0,1
18,0,96,3,1,0,1
25,0,96,3,1,0,1
17,0,36,4,1,0,1
22,0,258,3,1,0,1
17,0,110,2,1,0,1
35,0,242,3,1,0,0
28,0,96,3,1,0,1
26,0,96,3,1,0,0
11,0,364,3,1,0,0
19,0,96,3,0,0,1
21,0,96,3,1,0,1
43,0,113,3,2,0,1
17,0,110,2,1,0,1
7,0,180,2,0,0,0
42,0,96,3,4,0,0
24,0,298,2,1,0,1
52,0,335,3,3,0,1
30,0,96,3,1,0,1
28,0,96,3,1,0,1
16,0,56,2,1,0,1
14,0,75,2,1,0,0
17,0,132,3,1,0,1
13,0,180,2,1,0,0
31,0,96,3,1,0,1
16,0,335,3,1,0,0
6,0,221,2,0,0,0
29,0,96,3,1,0,1
23,0,96,3,1,0,1
13,0,258,3,1,0,1
23,0,96,3,1,0,1
22,0,96,3,1,0,1
13,0,139,2,1,0,1
13,0,96,3,1,0,1
12,0,258,3,1,0,1
23,0,258,3,1,0,1
21,0,96,3,1,0,1
24,0,136,2,1,0,1
46,0,96,3,2,0,0
14,0,96,3,1,0,1
15,0,45,3,1,0,1
21,0,96,3,1,0,1
22,0,96,3,1,0,1
30,0,176,4,1,0,1
23,0,96,3,1,0,1
20,0,289,2,1,0,1
17,0,182,2,1,0,1
30,0,96,3,1,0,1
16,0,175,2,2,0,1
23,0,96,3,1,0,1
15,0,270,2,1,0,0
15,0,147,6,1,0,1
21,0,96,3,1,0,1
10,0,168,2,1,0,1
24,0,96,3,1,0,1
21,0,96,3,1,0,1
14,0,96,3,1,0,1
25,0,50,2,3,0,1
15,0,258,3,1,0,1
26,0,96,3,1,0,1
20,0,290,2,2,0,1
16,0,258,3,1,0,1
25,0,45,3,1,0,1
20,0,90,5,1,0,0
26,0,112,2,1,0,1
19,0,96,3,1,0,1
27,0,45,3,1,0,0
18,0,150,3,2,0,1
42,0,94,2,1,0,0
12,0,73,2,1,0,1
41,0,96,3,1,0,1
14,0,96,3,1,0,1
12,0,96,3,1,0,1
19,0,96,3,1,0,1
15,0,96,3,1,0,1
22,0,345,2,2,0,1
17,0,65,3,1,0,1
25,0,96,3,1,0,0
15,0,170,2,2,0,1
23,0,96,3,1,0,1
14,0,251,2,1,0,1
22,0,96,3,1,0,1
22,0,237,2,2,0,1
18,0,190,2,2,0,1
14,0,258,3,1,0,1
7,0,180,2,0,0,0
34,0,50,2,2,0,1
13,0,180,2,1,0,1
20,0,258,3,1,0,1
24,0,258,3,1,0,1
15,0,335,3,0,0,1
18,0,176,4,1,0,1
27,0,258,3,1,0,1
17,0,96,3,1,0,1
23,0,94,2,1,0,0
23,0,96,3,1,0,1
45,0,96,3,1,0,1
7,0,332,2,0,0,1
20,0,45,3,1,0,1
34,0,45,3,1,0,0
26,0,96,3,1,0,1
15,0,228,4,1,0,1
18,0,94,2,2,0,1
28,0,96,3,1,0,1
26,0,258,3,3,0,1
20,0,345,2,2,0,1
18,0,96,3,0,0,1
39,0,45,3,1,0,1
16,0,345,2,2,0,1
19,0,337,2,2,0,1
19,0,93,2,2,0,1
20,0,71,2,2,0,1
21,0,242,3,1,0,1
20,0,345,2,2,0,1
73,0,205,4,2,0,0
22,0,96,3,1,0,1
22,0,96,3,1,0,1
20,0,345,2,2,0,1
25,0,242,3,1,0,0
20,0,96,3,1,0,1
23,0,136,2,1,0,1
24,0,96,3,1,0,1
25,0,96,3,1,0,1
20,0,290,2,2,0,1
15,0,65,3,0,0,1
28,0,93,2,3,0,0
19,0,96,3,1,0,1
14,0,96,3,1,0,1
18,0,96,3,1,0,1
24,0,96,3,1,0,1
22,0,96,3,1,0,1
25,0,290,2,2,0,1
17,0,94,2,2,0,1
32,0,345,2,2,0,1
30,0,94,2,2,0,1
30,0,258,3,1,0,1
23,0,96,3,1,0,1
27,0,96,3,1,0,0
15,0,96,3,1,0,1
14,0,93,2,2,0,1
4,0,170,2,0,0,0
22,0,136,2,1,0,1
32,0,96,3,1,0,1
11,0,221,2,1,0,1
28,0,96,3,1,0,1
15,0,96,3,1,0,1
27,0,345,2,2,0,1
22,0,96,3,1,0,1
19,0,96,3,1,0,1
22,0,242,3,1,0,1
15,0,96,3,1,0,1
21,0,96,3,1,0,1
20,0,90,5,1,0,0
15,0,45,3,1,0,1
17,0,242,3,1,0,1
14,0,112,2,0,0,1
13,0,270,2,1,0,1
17,0,96,3,1,0,1
16,0,96,3,1,0,1
26,0,96,3,2,0,0
43,0,113,3,1,0,1
19,0,346,2,2,0,1
18,0,96,3,1,0,1
29,0,180,2,1,0,0
16,0,269,2,2,0,1
17,0,96,3,1,0,1
25,0,282,2,2,0,1
7,0,180,2,0,0,1
7,0,180,2,0,0,0
25,0,96,3,1,0,1
19,0,258,3,1,0,1
9,0,276,2,1,0,1
74,0,205,4,2,0,1
19,0,136,2,0,0,1
76,0,96,3,2,0,0
14,0,187,2,1,0,1
20,0,345,2,2,0,1
11,0,276,2,1,0,1
19,0,345,2,2,0,1
19,0,112,2,1,0,1
23,0,96,3,1,0,1
17,0,96,3,1,0,1
10,0,117,2,0,0,1
25,0,96,3,1,0,1
44,0,180,2,1,0,1
23,0,96,3,2,0,0
17,0,96,3,1,0,1
33,0,96,3,1,0,1
23,0,183,2,1,0,0
15,0,96,3,1,0,1
21,0,258,3,1,0,1
18,0,96,3,1,0,1
17,0,341,2,2,0,1
19,0,96,3,0,0,0
16,0,96,3,1,0,1
14,0,96,3,1,0,1
22,0,96,3,1,0,0
26,0,96,3,1,0,1
15,0,96,3,1,0,1
20,0,96,3,1,0,1
29,0,290,2,2,0,1
38,0,302,4,1,0,1
23,0,345,2,3,0,1
15,0,258,3,1,0,1
24,0,96,3,1,0,1
36,0,96,3,2,0,1
22,0,296,2,1,0,1
13,0,96,3,1,0,0
36,0,96,3,2,0,0
30,0,96,3,2,0,1
41,0,113,3,2,0,1
11,0,112,2,1,0,1
26,0,96,3,1,0,0
14,0,258,3,1,0,1
76,0,96,3,2,0,1
14,0,123,3,1,0,1
20,0,96,3,1,0,0
25,0,112,2,2,0,1
29,0,346,2,2,0,1
17,0,345,2,3,0,1
15,0,96,3,1,0,1
21,0,352,2,1,0,1
11,0,251,2,1,0,1
12,0,96,3,1,0,0
17,0,96,3,1,0,1
30,0,343,2,3,0,1
14,0,96,3,1,0,1
13,0,364,3,0,0,0
10,0,290,2,1,0,1
16,0,96,3,1,0,1
29,0,345,2,2,0,1
21,0,96,3,1,0,1
19,0,221,2,1,0,0
43,0,113,3,1,0,0
13,0,96,3,1,0,0
18,0,367,2,2,0,1
21,0,96,3,1,0,1
23,0,302,4,1,0,1
19,0,56,2,1,0,1
7,0,180,2,0,0,1
7,0,180,2,0,0,1
11,0,296,2,1,0,1
18,0,96,3,1,0,1
25,0,96,3,1,0,1
21,0,96,3,1,0,1
22,0,96,3,1,0,1
37,0,56,2,1,0,1
15,0,96,3,1,0,1
19,0,45,3,1,0,1
37,0,261,4,2,0,1
18,0,96,3,1,0,1
14,0,258,3,1,0,1
10,0,115,6,0,11,1
28,0,96,3,1,0,1
22,0,112,2,2,0,1
9,0,153,2,0,0,0
21,0,96,3,1,0,1
22,0,96,3,0,0,1
12,0,96,3,1,0,1
28,0,96,3,1,0,1
20,0,96,3,1,0,1
24,0,96,3,1,0,1
20,0,287,2,1,0,1
15,0,96,3,1,0,1
27,0,96,3,1,0,1
23,0,274,3,1,0,0
19,0,71,2,2,0,1
52,0,335,3,3,0,1
22,0,96,3,1,0,1
14,0,290,2,1,0,1
15,0,96,3,1,0,1
22,0,242,3,1,0,0
18,0,346,2,3,0,1
16,0,191,2,1,0,1
21,0,49,2,1,0,1
14,0,258,3,1,0,1
23,0,242,3,1,0,1
16,0,335,3,1,0,0
14,0,96,3,1,0,1
21,0,96,3,1,0,1
19,0,258,3,1,0,1
24,0,96,3,1,0,1
18,0,96,3,1,0,1
27,0,96,3,1,0,1
24,0,96,3,1,0,1
15,0,96,3,1,0,1
24,0,96,3,1,0,1
19,0,258,3,1,0,1
24,0,345,2,2,0,1
18,0,96,3,1,0,1
13,0,136,2,1,0,1
11,0,96,3,0,0,1
25,0,96,3,1,0,1
15,0,96,3,1,0,1
18,0,56,2,1,0,1
29,0,180,2,1,0,1
21,0,96,3,1,0,1
27,0,50,2,2,0,1
10,0,296,2,1,0,1
20,0,96,3,1,0,1
19,0,364,3,1,0,0
29,0,94,2,2,0,0
14,0,258,3,1,0,1
30,0,96,3,1,0,1
28,0,96,3,1,0,1
17,0,113,3,1,0,1
28,0,45,3,1,0,1
24,0,96,3,1,0,1
26,0,46,2,2,0,1
13,0,221,2,1,0,1
15,0,96,3,1,0,1
11,0,73,2,0,0,1
16,0,96,3,1,0,1
25,0,96,3,1,0,1
11,0,128,2,0,0,0
44,0,242,3,4,0,0
11,0,35,2,1,0,1
19,0,96,3,1,0,1
18,0,258,3,1,0,1
21,0,96,3,1,0,0
18,0,113,3,1,0,1
17,0,96,3,1,0,1
17,0,96,3,1,0,1
33,0,248,2,1,0,1
22,0,96,3,1,0,1
18,0,302,4,1,0,1
21,0,96,3,1,0,1
20,0,96,3,1,0,1
33,0,290,2,1,0,1
26,0,96,3,1,0,1
28,0,96,3,1,0,1
21,0,96,3,1,0,1
18,0,258,3,1,0,1
11,0,171,2,1,0,1
21,0,96,3,1,0,1
13,0,96,3,1,0,1
14,0,242,3,1,0,1
16,0,335,3,1,0,0
17,0,258,3,1,0,1
24,0,96,3,1,0,0
15,0,123,3,2,0,1
19,0,83,3,1,0,1
48,0,96,3,1,0,1
24,0,242,3,1,0,1
20,0,290,2,2,0,1
19,0,96,3,1,0,1
37,0,45,3,1,0,1
21,0,96,3,1,0,1
19,0,96,3,1,0,1
55,0,96,3,1,0,1
21,0,96,3,1,0,1
16,0,367,2,2,0,1
16,0,253,2,1,0,1
12,0,96,3,1,0,0
13,0,94,2,1,0,1
20,0,96,3,1,0,1
14,0,56,2,1,0,1
36,0,96,3,1,0,1
20,0,96,3,1,0,1
25,0,49,2,2,0,1
22,0,96,3,1,0,1
17,0,242,3,1,0,0
15,0,96,3,1,0,1
35,0,96,3,1,0,1
26,0,96,3,1,0,1
22,0,260,2,2,0,1
9,0,249,2,1,0,1
15,0,96,3,1,0,1
21,0,206,4,0,0,0
12,0,84,2,1,0,1
16,0,346,2,1,0,1
14,0,247,2,2,0,1
17,0,258,3,1,0,1
30,0,96,3,1,0,1
18,0,242,3,1,0,1
13,0,258,3,1,0,1
20,0,96,3,1,0,1
19,0,183,2,1,0,1
17,0,367,2,2,0,1
4,0,170,2,0,0,0
17,0,250,2,2,0,1
26,0,150,3,2,0,1
22,0,96,3,1,0,1
17,0,75,2,1,0,1
18,0,96,3,1,0,0
14,0,290,2,1,18,1
14,0,112,2,1,0,1
15,0,303,2,1,0,1
26,0,96,3,1,0,1
27,0,302,4,1,0,1
19,0,258,3,1,0,1
13,0,94,2,1,0,1
11,0,110,2,1,0,1
22,0,258,3,2,0,0
18,0,171,2,1,0,1
20,0,96,3,0,0,0
16,0,96,3,1,0,1
17,0,96,3,0,0,0
28,0,45,3,1,0,0
21,0,96,3,1,0,1
18,0,45,3,1,0,1
12,0,252,3,1,0,1
14,0,258,3,1,0,1
17,0,248,2,1,0,1
17,0,96,3,1,0,1
16,0,180,2,1,0,1
10,0,251,2,1,0,0
18,0,258,3,1,0,1
23,0,96,3,0,0,1
15,0,96,3,1,0,1
14,0,183,2,1,0,1
25,0,258,3,1,0,1
17,0,258,3,1,0,1
23,0,110,2,1,0,1
18,0,96,3,1,0,1
13,0,290,2,1,0,1
18,0,225,2,1,0,1
18,0,134,2,1,0,1
19,0,35,2,2,0,1
18,0,96,3,1,0,1
22,0,356,7,1,0,0
19,0,96,3,1,0,1
21,0,45,3,1,0,1
20,0,96,3,1,0,1
14,0,96,3,1,0,1
21,0,180,2,1,0,1
30,0,345,2,2,0,1
25,0,96,3,1,0,1
38,0,113,3,2,0,0
28,0,242,3,1,0,1
22,0,258,3,1,0,1
22,0,258,3,1,0,1
26,0,96,3,1,0,1
29,0,96,3,1,0,1
21,0,345,2,2,0,1
28,0,258,3,1,0,1
18,0,96,3,1,0,1
14,0,110,2,1,0,1
27,0,96,3,1,0,1
18,0,96,3,1,0,1
20,0,91,4,2,0,1
14,0,242,3,0,0,1
28,0,96,3,1,0,1
30,0,96,3,1,0,1
24,0,258,3,1,0,1
23,0,71,2,2,0,1
11,0,128,2,0,0,0
28,0,96,3,1,0,1
21,0,96,3,1,0,1
13,0,96,3,1,0,1
16,0,152,2,1,0,1
20,0,96,3,1,0,1
14,1,11,3,2,15,1
25,0,258,3,1,0,1
16,0,96,3,1,0,1
10,0,276,2,1,0,1
18,0,75,2,1,0,1
36,0,96,3,1,0,1
20,0,144,2,2,0,1
17,0,96,3,0,0,1
37,0,96,3,1,0,1
18,0,96,3,1,0,1
18,0,96,3,1,0,1
22,0,96,3,1,0,1
17,0,96,3,0,0,1
18,0,96,3,1,0,1
20,0,170,2,3,0,1
44,0,242,3,2,0,1
29,0,345,2,2,0,1
13,0,258,3,1,0,1
40,0,96,3,1,0,1
19,0,176,4,1,0,1
16,0,96,3,0,0,0
16,0,35,2,1,0,1
20,0,258,3,1,0,1
18,0,50,2,2,0,1
16,0,96,3,1,0,1
60,0,94,2,1,0,1
23,0,96,3,1,0,0
22,0,96,3,1,0,1
30,0,112,2,1,0,1
13,0,176,4,1,0,1
21,0,96,3,1,0,1
39,0,94,2,1,0,1
25,0,96,3,1,0,1
7,0,180,2,0,0,0
12,0,258,3,1,0,1
16,0,258,3,1,0,1
24,0,96,3,1,0,1
14,0,96,3,1,0,1
36,0,96,3,1,0,1
41,0,94,2,2,0,1
20,0,82,2,1,0,1
34,0,96,3,1,0,1
12,0,96,3,1,0,1
21,0,96,3,0,0,0
24,0,96,3,1,0,1
13,0,248,2,1,0,1
16,0,96,3,1,0,1
18,0,255,3,1,0,1
13,0,258,3,1,0,0
61,0,50,2,2,0,1
17,0,96,3,1,0,1
33,0,96,3,1,0,1
16,0,345,2,2,0,1
29,0,94,2,2,0,1
18,0,112,2,1,0,1
18,0,96,3,1,0,1
24,0,96,3,1,0,1
25,0,96,3,1,0,1
35,0,96,3,1,0,1
21,0,258,3,1,0,1
17,0,96,3,1,0,1
76,0,96,3,2,0,0
23,0,71,2,2,0,1
17,0,96,3,1,0,1
23,0,96,3,1,0,1
23,0,96,3,1,0,1
17,0,270,2,2,0,1
12,0,96,3,0,0,1
20,0,96,3,1,0,1
23,0,335,3,3,0,1
15,0,96,3,1,0,0
26,0,180,2,1,0,1
19,0,123,3,2,0,1
23,0,96,3,1,0,1
16,0,110,2,1,0,1
23,0,96,3,1,0,1
21,0,96,3,1,0,0
10,0,290,2,0,0,1
32,0,96,3,1,0,1
16,0,96,3,1,0,0
22,0,176,4,1,0,1
18,0,96,3,1,0,1
16,0,269,2,1,0,1
21,0,97,8,0,0,1
11,0,96,3,1,0,1
13,0,80,2,1,0,0
74,0,205,4,2,0,0
41,0,362,2,1,0,1
18,0,96,3,1,0,1
28,0,96,3,1,0,1
23,0,96,3,1,0,1
28,0,242,3,1,0,1
28,0,232,2,2,0,1
19,0,96,3,1,0,1
12,0,96,3,0,0,1
20,0,96,3,1,0,0
12,0,96,3,0,0,1
14,0,242,3,1,0,1
74,0,205,4,2,0,1
15,0,96,3,1,0,1
21,0,75,2,1,0,1
20,0,96,3,1,0,1
18,0,96,3,1,0,1
26,0,96,3,1,0,1
15,0,258,3,1,0,1
20,0,96,3,1,0,1
19,0,246,2,2,0,0
23,0,96,3,1,0,0
16,0,96,3,1,0,1
21,0,96,3,1,0,0
23,0,299,2,1,0,1
19,0,237,2,2,0,1
17,0,301,2,0,0,0
18,0,258,3,1,0,1
21,0,96,3,1,0,1
10,0,248,2,1,0,1
32,0,96,3,1,0,1
20,0,96,3,1,0,1
16,0,96,3,1,0,1
17,0,346,2,1,0,1
16,0,88,2,1,0,1
22,0,96,3,1,0,1
20,0,345,2,2,0,1
17,0,139,2,1,0,1
23,0,96,3,1,0,1
29,0,96,3,1,0,1
24,0,96,3,1,0,1
16,0,93,2,1,0,0
14,0,96,3,1,0,1
21,0,94,2,2,0,1
15,0,96,3,1,0,1
28,0,45,3,1,0,1
17,0,96,3,0,0,1
19,0,84,2,1,0,1
14,0,96,3,1,0,0
18,0,258,3,1,0,1
36,0,96,3,1,0,1
16,0,335,3,1,0,0
23,0,290,2,1,0,0
23,0,96,3,1,0,1
19,0,96,3,1,0,1
19,0,96,3,1,0,1
19,0,96,3,1,0,1
12,0,258,3,1,0,0
19,0,96,3,1,0,1
25,0,123,3,2,0,1
12,0,248,2,1,0,1
17,0,96,3,1,0,1
24,0,96,3,1,0,1
24,0,96,3,1,0,1
12,0,96,3,1,0,1
32,0,270,2,2,0,1
26,0,187,2,3,0,1
16,0,366,7,1,0,1
31,0,96,3,1,0,1
21,0,96,3,1,0,1
21,0,96,3,1,0,1
22,0,96,3,1,0,1
20,0,258,3,2,0,0
63,0,96,3,4,0,1
9,0,221,2,0,0,1
24,0,258,3,1,0,1
36,0,96,3,1,0,1
23,0,311,5,1,0,0
73,0,205,4,2,0,0
29,0,96,3,1,0,1
21,0,258,3,1,0,1
16,0,96,3,1,0,1
11,0,96,3,1,0,1
16,0,337,2,2,0,0
73,0,205,4,2,0,1
31,0,96,3,1,0,1
12,0,136,2,1,0,1
19,0,96,3,1,0,1
14,0,128,2,1,0,0
22,0,96,3,1,0,1
19,0,96,3,1,0,1
14,0,258,3,1,0,1
35,0,94,2,1,0,1
21,0,150,3,1,0,1
22,0,96,3,1,0,1
17,0,183,2,1,0,1
16,0,225,2,1,0,1
16,0,96,3,1,0,1
29,0,96,3,1,0,1
36,0,113,3,2,0,0
41,0,113,3,2,0,0
23,0,96,3,1,0,1
18,0,345,2,2,0,1
30,0,96,3,1,0,1
43,0,180,2,1,0,1
14,0,96,3,1,0,1
16,0,258,3,1,0,1
25,0,96,3,1,0,0
23,0,96,3,1,0,1
26,0,96,3,1,0,1
37,0,221,2,1,0,1
24,0,96,3,1,0,1
29,0,96,3,1,0,1
20,0,209,6,1,0,1
20,0,223,3,2,0,1
21,0,136,2,1,0,1
28,0,96,3,1,0,1
25,0,96,3,1,0,1
29,0,290,2,2,0,1
14,0,45,3,1,0,1
20,0,96,3,1,0,1
20,0,258,3,2,0,0
15,0,112,2,1,0,1
14,0,258,3,1,0,1
31,0,45,3,1,0,1
17,0,96,3,1,0,1
33,0,180,2,1,0,1
20,0,96,3,1,0,1
12,0,96,3,1,0,1
17,0,96,3,1,0,1
17,0,206,4,0,0,0
16,0,176,4,1,0,1
17,0,296,2,1,0,1
27,0,290,2,2,0,1
17,0,93,2,2,0,1
17,0,258,3,1,0,1
19,0,56,2,1,0,1
21,0,176,4,1,0,0
24,0,96,3,1,0,1
18,0,96,3,0,0,1
21,0,251,2,1,0,1
25,0,258,3,1,0,1
18,0,258,3,1,0,1
25,0,96,3,1,0,1
12,0,340,2,1,0,1
23,0,258,3,1,0,1
26,0,96,3,1,0,1
16,0,335,3,0,0,1
11,0,84,2,1,0,1
26,0,96,3,1,0,1
14,0,112,2,1,0,1
25,0,96,3,1,0,1
18,0,242,3,1,0,1
14,0,96,3,1,0,1
25,0,96,3,1,0,1
20,0,96,3,1,0,1
20,0,225,2,1,0,1
25,0,96,3,1,0,1
36,0,96,3,1,0,1
19,0,96,3,1,0,1
19,0,96,3,1,0,1
18,0,253,2,2,0,1
20,0,45,3,1,0,1
17,0,96,3,1,0,1
18,0,96,3,1,0,1
28,0,50,2,2,0,1
22,0,96,3,2,0,0
23,0,75,2,1,0,1
21,0,96,3,1,0,1
11,0,219,2,1,0,1
15,0,152,2,1,0,1
19,0,96,3,1,0,0
14,0,258,3,1,0,1
74,0,205,4,2,0,1
19,0,136,2,1,0,1
31,0,96,3,1,0,1
16,0,128,2,0,0,1
19,0,96,3,1,0,1
23,0,180,2,1,0,1
38,0,96,3,1,0,1
28,0,242,3,1,0,1
14,0,93,2,2,0,1
24,0,96,3,1,0,1
20,0,96,3,1,0,1
19,0,94,2,2,0,1
28,0,345,2,2,0,1
18,0,45,3,1,0,1
14,0,258,3,1,0,1
12,0,242,3,1,0,1
19,0,290,2,1,0,1
28,0,96,3,1,0,1
17,0,175,2,1,0,0
21,0,96,3,1,0,1
25,0,96,3,1,0,1
21,0,242,3,1,0,1
27,0,96,3,1,0,1
19,0,96,3,0,0,0
20,0,290,2,2,0,1
12,0,123,3,1,0,1
19,0,344,2,2,0,1
18,0,96,3,1,0,0
10,0,112,2,1,0,1
11,0,112,2,1,0,1
13,0,345,2,2,0,1
25,0,96,3,1,0,1
19,0,328,2,0,0,1
12,0,258,3,1,0,1
20,0,96,3,1,0,1
74,0,205,4,2,0,1
19,0,96,3,0,0,0
40,0,94,2,1,0,1
19,0,171,2,1,0,1
24,0,96,3,1,0,1
17,0,65,3,1,0,1
43,0,94,2,1,0,1
14,0,96,3,1,0,1
24,0,345,2,2,0,1
23,0,258,3,1,0,1
23,0,50,2,2,0,1
29,0,96,3,1,0,1
33,0,176,4,5,0,1
15,0,223,3,2,0,1
23,0,341,2,3,0,1
74,0,205,4,2,0,1
20,0,96,3,1,0,1
21,0,96,3,1,0,1
15,0,96,3,1,0,1
41,0,113,3,2,0,1
17,0,96,3,1,0,1
28,0,242,3,1,0,1
23,0,367,2,2,0,1
19,0,96,3,1,0,1
11,0,150,3,1,0,1
16,0,187,2,1,0,1
34,0,96,3,2,0,1
19,0,96,3,1,0,1
20,0,330,2,2,0,1
26,0,298,2,1,0,1
22,0,258,3,2,0,0
32,0,221,2,3,3,0
24,0,96,3,1,0,1
19,0,289,2,1,0,1
24,0,96,3,1,0,1
24,0,96,3,1,0,0
22,0,96,3,1,0,1
40,0,258,3,1,0,1
17,0,84,2,1,0,1
17,0,175,2,1,0,1
20,0,96,3,1,0,1
13,0,258,3,1,0,1
25,0,242,3,1,0,0
22,0,96,3,1,0,1
28,0,345,2,2,0,1
23,0,96,3,1,0,1
21,0,96,3,0,0,1
18,0,50,2,2,0,1
19,0,96,3,1,0,1
5,0,141,2,0,0,1
21,0,96,3,1,0,0
25,0,96,3,1,0,1
13,0,96,3,1,0,1
19,0,96,3,1,0,1
28,0,45,3,1,0,1
56,0,205,4,3,0,1
22,0,345,2,2,0,1
40,0,96,3,1,0,1
17,0,45,3,1,0,1
30,0,96,3,1,0,1
13,0,139,2,1,0,1
9,0,352,2,0,0,1
15,0,96,3,1,0,1
19,0,96,3,1,0,1
17,0,96,3,1,0,0
25,0,345,2,2,0,1
15,0,112,2,1,0,1
20,0,345,2,2,0,1
23,0,96,3,1,0,1
13,0,242,3,1,0,1
13,0,96,3,1,0,1
25,0,96,3,1,0,1
19,0,188,2,2,0,1
19,0,96,3,1,0,0
15,0,242,3,1,0,1
17,0,49,2,1,0,1
15,0,96,3,1,0,1
23,0,96,3,1,0,1
26,0,45,3,1,0,1
19,0,75,2,1,0,1
23,0,96,3,1,0,1
20,0,248,2,1,0,1
18,0,96,3,1,0,1
26,0,96,3,1,0,1
20,0,242,3,1,0,1
23,0,123,3,2,0,1
36,0,96,3,1,0,1
38,0,113,3,2,0,0
15,0,96,3,0,0,1
22,0,191,2,2,0,1
20,0,258,3,2,0,1
15,0,96,3,1,0,1
11,0,128,2,1,0,1
34,0,96,3,1,0,1
27,0,96,3,1,0,1
74,0,205,4,2,0,1
19,0,96,3,1,0,1
24,0,50,2,2,0,1
20,0,290,2,2,0,1
19,0,96,3,1,0,1
18,0,130,2,1,0,1
44,0,96,3,2,0,0
22,0,242,3,1,0,1
37,0,45,3,1,0,1
24,0,258,3,1,0,1
23,0,136,2,1,0,1
19,0,96,3,1,0,1
19,0,150,3,2,0,1
47,0,94,2,2,0,1
20,0,290,2,2,0,1
22,0,96,3,1,0,1
15,0,264,2,2,0,1
21,0,96,3,1,0,1
12,0,123,3,1,0,1
29,0,290,2,2,0,1
14,0,96,3,1,0,0
25,0,96,3,1,0,1
20,0,96,3,1,0,1
17,0,153,2,1,0,1
20,0,364,3,1,0,0
16,0,96,3,2,0,0
20,0,143,2,2,0,1
14,0,96,3,1,0,1
42,0,94,2,1,0,1
20,0,96,3,1,0,1
20,0,137,3,2,0,1
15,0,139,2,1,0,1
20,0,74,2,2,0,0
19,0,96,3,0,0,1
20,0,96,3,1,0,1
23,0,96,3,1,0,1
32,0,96,3,1,0,1
21,0,258,3,2,0,0
22,0,96,3,1,0,1
11,0,233,2,1,0,1
18,0,45,3,1,0,1
23,0,96,3,1,0,1
18,0,75,2,1,0,1
13,0,258,3,1,0,1
17,0,248,2,1,0,1
14,0,45,3,1,0,1
13,0,345,2,2,0,1
27,0,94,2,1,0,1
32,0,364,3,4,0,0
7,0,180,2,0,0,1
21,0,96,3,1,0,1
14,0,96,3,1,0,1
19,0,175,2,2,0,1
29,0,45,3,1,0,1
13,0,242,3,1,0,1
18,0,96,3,1,0,1
22,0,258,3,1,0,1
20,0,112,2,1,0,1
26,0,258,3,1,0,1
19,0,96,3,0,0,1
18,0,191,2,2,0,0
26,0,96,3,1,0,1
19,0,258,3,1,0,1
24,0,96,3,1,0,1
37,0,45,3,1,0,1
25,0,96,3,1,0,1
20,0,96,3,1,0,1
21,0,96,3,1,0,1
17,0,82,2,1,0,1
19,0,96,3,1,0,1
17,0,96,3,1,0,1
16,0,258,3,1,0,1
21,0,96,3,1,0,1
25,0,96,3,1,0,1
11,0,258,3,1,0,1
18,0,96,3,1,0,1
18,0,113,3,1,0,1
15,0,335,3,1,0,1
9,0,134,2,0,0,1
15,0,96,3,1,0,1
16,0,345,2,2,0,1
19,0,150,3,1,0,1
19,0,96,3,1,0,1
6,0,216,2,0,0,1
19,0,96,3,1,0,1
15,0,96,3,1,0,1
16,0,258,3,1,0,1
23,0,96,3,1,0,1
27,0,96,3,1,0,1
53,0,96,3,3,0,1
19,0,82,2,1,0,1
20,0,96,3,0,0,1
16,0,96,3,1,7,0
25,0,96,3,1,0,1
32,0,96,3,1,0,1
38,0,242,3,4,0,1
12,0,242,3,0,0,1
17,0,258,3,1,0,1
26,0,96,3,1,0,1
24,0,96,3,1,0,1
41,0,96,3,1,0,1
13,1,31,2,2,0,1
25,0,96,3,1,0,1
49,0,94,2,1,0,1
20,0,362,2,1,0,1
20,0,96,3,1,0,0
24,0,96,3,1,0,1
20,0,45,3,1,0,1
31,0,96,3,1,0,1
14,0,96,3,1,0,1
21,0,96,3,0,0,1
44,0,96,3,2,0,0
17,0,96,3,1,0,1
21,0,112,2,1,0,1
29,0,96,3,1,0,1
17,0,258,3,1,0,1
13,0,152,2,1,0,1
17,0,345,2,2,0,1
15,0,170,2,1,0,1
14,0,248,2,1,0,1
16,0,96,3,1,0,1
20,0,242,3,1,0,1
41,0,335,3,3,0,0
26,0,96,3,1,0,1
35,0,96,3,1,0,1
12,0,258,3,1,0,1
14,0,258,3,1,0,1
27,0,96,3,1,0,1
79,0,96,3,3,2,1
22,0,335,3,0,0,1
15,0,96,3,1,0,1
11,0,96,3,0,0,1
26,0,96,3,1,0,1
21,0,96,3,1,0,1
17,0,96,3,1,0,1
22,0,242,3,1,0,1
12,0,258,3,1,0,1
16,0,50,2,1,0,1
18,0,258,3,1,0,1
12,0,314,2,2,0,0
39,0,94,2,2,0,1
19,0,96,3,1,0,1
9,0,216,2,1,0,0
26,0,96,3,2,0,1
25,0,46,2,2,0,1
24,0,345,2,2,0,1
18,0,96,3,1,0,1
23,0,300,4,2,0,1
39,0,94,2,1,0,1
18,0,258,3,1,0,1
16,0,248,2,1,0,1
16,0,96,3,1,0,1
19,0,96,3,1,0,1
15,0,248,2,1,0,1
10,0,187,2,1,0,1
60,0,113,3,2,0,1
19,0,96,3,1,0,1
31,0,45,3,1,0,1
27,0,258,3,1,0,1
17,0,364,3,1,0,0
20,0,96,3,1,0,1
14,0,109,4,0,0,1
18,0,183,2,1,0,1
17,0,242,3,1,0,1
42,0,335,3,3,0,1
11,0,340,2,1,0,1
12,0,249,2,1,0,1
21,0,96,3,1,0,1
22,0,45,3,1,0,1
25,0,96,3,1,0,1
16,0,96,3,1,0,1
12,0,76,3,0,0,0
19,0,258,3,1,0,1
7,0,180,2,0,0,1
20,0,96,3,1,0,1
42,0,96,3,1,0,0
12,0,223,3,1,0,1
19,0,96,3,1,0,1
31,0,96,3,1,0,1
14,0,84,2,1,0,1
17,0,309,5,1,0,1
15,0,96,3,1,0,1
19,0,96,3,1,0,1
32,0,96,3,0,0,1
22,0,96,3,1,0,1
17,0,96,3,1,0,1
28,0,96,3,1,0,1
24,0,96,3,1,0,1
11,0,75,2,1,0,1
10,0,351,3,0,0,1
14,0,139,2,1,0,1
58,0,96,3,3,0,0
25,0,96,3,1,0,1
22,0,96,3,1,0,1
18,0,337,2,2,0,1
19,0,180,2,1,0,1
21,0,96,3,1,0,1
11,0,96,3,0,0,1
21,0,96,3,1,0,1
15,0,345,2,2,0,1
21,0,345,2,2,0,1
25,0,96,3,1,0,1
23,0,50,2,3,0,0
16,0,96,3,1,0,1
22,0,187,2,2,0,1
15,0,39,2,2,0,1
14,0,96,3,1,0,1
15,0,242,3,1,0,1
20,0,96,3,0,0,1
12,0,56,2,1,0,1
26,0,258,3,1,0,1
13,0,225,2,1,0,1
17,0,96,3,2,0,0
20,0,223,3,3,0,1
13,0,96,3,1,0,1
14,0,96,3,1,0,1
16,0,346,2,1,0,1
16,0,359,4,1,0,1
24,0,50,2,3,0,1
27,0,96,3,0,0,0
29,0,96,3,1,0,1
18,0,96,3,2,0,0
11,0,56,2,1,0,1
24,0,269,2,2,0,1
14,0,75,2,1,0,1
22,0,96,3,1,0,1
11,0,96,3,0,0,1
20,0,96,3,1,0,1
23,0,242,3,1,0,1
13,0,242,3,1,0,1
24,0,96,3,1,0,1
12,0,258,3,1,0,1
42,0,113,3,2,0,1
19,0,96,3,1,0,1
24,0,96,3,1,0,1
20,0,258,3,1,0,1
53,0,175,2,2,0,1
76,0,96,3,2,0,0
21,0,96,3,1,0,1
23,0,242,3,1,0,1
12,0,258,3,1,0,1
7,0,180,2,0,0,1
19,0,96,3,1,0,1
28,0,96,3,2,0,0
42,0,94,2,1,0,1
20,0,96,3,1,0,0
45,0,113,3,2,0,0
19,0,50,2,2,0,1
25,0,96,3,1,0,1
21,0,352,2,1,0,1
17,0,116,2,1,0,1
33,0,112,2,1,0,1
21,0,96,3,1,0,1
15,0,96,3,1,0,0
25,0,96,3,1,0,1
22,0,96,3,2,0,1
29,0,353,2,1,0,0
19,0,248,2,1,0,1
25,0,96,3,1,0,1
21,0,150,3,3,0,1
11,0,96,3,0,0,1
17,0,290,2,1,0,1
12,0,175,2,1,0,1
15,0,318,2,2,0,1
14,0,96,3,1,0,1
21,0,301,2,1,0,1
21,0,96,3,1,0,1
11,0,258,3,1,0,1
16,0,88,2,1,0,1
24,0,96,3,1,0,1
23,0,50,2,3,0,0
16,0,96,3,1,0,1
18,0,96,3,1,0,1
16,0,352,2,1,0,1
63,0,148,4,1,0,1
26,0,96,3,1,0,1
15,0,96,3,1,0,1
19,0,94,2,1,0,0
14,0,96,3,1,0,1
17,0,96,3,1,0,1
16,0,96,3,1,0,1
18,0,258,3,1,0,1
22,0,258,3,1,0,1
38,0,113,3,3,0,0
27,0,96,3,1,0,1
25,0,96,3,1,0,1
19,0,258,3,1,0,1
21,0,96,3,1,0,1
18,0,96,3,1,0,1
16,0,331,2,1,0,1
18,0,113,3,1,0,1
18,0,258,3,1,0,1
28,0,96,3,1,0,1
14,0,290,2,1,0,1
11,0,96,3,0,0,1
17,0,171,2,1,0,1
11,0,96,3,0,0,1
20,0,258,3,1,0,0
19,0,65,3,1,0,0
27,0,96,3,1,0,1
16,0,96,3,1,0,1
21,0,96,3,1,0,1
4,0,167,2,0,0,1
16,0,110,2,1,0,1
22,0,335,3,1,0,1
16,0,96,3,1,0,1
14,0,172,2,2,0,1
12,0,96,3,0,0,0
13,0,96,3,1,0,1
21,0,258,3,1,0,1
27,0,290,2,2,0,1
19,0,171,2,1,0,1
17,0,96,3,2,0,0
18,0,258,3,1,0,1
19,0,266,2,1,0,1
14,0,96,3,1,0,1
4,0,170,2,0,0,0
19,0,96,3,1,0,1
17,0,112,2,1,0,1
23,0,302,4,2,0,0
19,0,96,3,1,0,1
11,0,96,3,0,0,1
18,0,113,3,1,0,1
19,0,258,3,1,0,1
15,0,242,3,1,0,1
22,0,258,3,1,0,1
23,0,94,2,1,0,1
34,0,345,2,2,0,1
7,0,180,2,0,0,1
17,0,96,3,1,0,1
46,0,94,2,2,0,1
19,0,237,2,2,0,1
17,0,49,2,1,0,1
19,0,258,3,1,0,1
23,0,270,2,1,0,1
10,0,112,2,1,0,1
17,0,248,2,1,0,1
15,0,258,3,1,0,1
18,0,96,3,1,0,1
14,0,96,3,1,0,1
21,0,96,3,0,0,1
16,0,65,3,1,0,0
18,0,96,3,1,0,1
15,0,139,2,1,0,1
19,0,96,3,1,0,1
12,0,96,3,1,0,1
18,0,364,3,1,0,0
34,0,96,3,0,0,1
12,0,290,2,1,0,1
17,0,172,2,2,0,1
7,0,180,2,0,0,0
17,0,75,2,1,0,1
15,0,246,2,2,0,1
34,0,45,3,1,0,1
19,0,258,3,1,0,1
11,0,258,3,1,0,1
22,0,258,3,1,0,1
7,0,180,2,0,0,1
21,0,96,3,2,0,0
26,0,96,3,1,0,1
35,0,96,3,1,0,1
35,0,96,3,1,0,0
16,0,96,3,1,0,1
21,0,96,3,1,0,1
13,0,183,2,1,0,1
14,0,290,2,1,0,1
16,0,345,2,2,0,1
18,0,96,3,2,0,1
25,0,96,3,1,0,1
73,0,205,4,2,0,0
14,0,96,3,1,0,1
30,0,49,2,1,0,1
32,0,242,3,3,0,0
19,0,298,2,1,0,1
11,0,96,3,1,0,1
42,0,180,2,1,0,1
32,0,96,3,2,4,1
29,0,113,3,2,0,0
11,0,258,3,1,0,1
16,0,242,3,1,0,0
48,0,94,2,2,0,1
24,0,96,3,1,0,0
21,0,96,3,1,0,1
31,0,96,3,0,0,0
41,0,362,2,1,0,1
17,0,96,3,1,0,1
21,0,96,3,1,0,1
25,0,308,9,1,0,1
16,0,96,3,1,0,1
27,0,112,2,1,0,1
20,0,345,2,2,0,1
23,0,96,3,1,0,1
20,0,335,3,1,0,0
20,0,170,2,1,0,1
32,0,96,3,1,0,1
13,0,112,2,1,0,1
20,0,96,3,1,0,1
19,0,96,3,1,0,1
76,0,96,3,2,0,0
23,0,258,3,1,0,1
20,0,96,3,1,0,1
23,0,96,3,1,0,1
23,0,96,3,1,0,1
15,0,242,3,1,0,1
18,0,96,3,1,0,1
18,0,96,3,1,0,1
14,0,290,2,1,0,1
25,0,96,3,1,0,1
24,0,96,3,1,0,1
22,0,139,2,1,0,1
25,0,96,3,1,0,1
16,0,96,3,1,0,1
18,0,258,3,1,0,1
16,0,96,3,1,0,1
21,0,96,3,1,0,1
13,0,65,3,1,0,0
17,0,258,3,1,0,1
16,0,96,3,1,0,0
13,0,183,2,1,0,1
11,0,96,3,1,0,1
20,0,258,3,1,0,1
16,0,96,3,1,0,0
21,0,187,2,2,0,1
13,0,65,3,1,0,1
19,0,96,3,1,0,1
20,0,176,4,0,0,1
39,0,96,3,3,0,1
23,0,96,3,2,0,0
16,0,290,2,1,0,0
29,0,258,3,1,0,1
25,0,152,2,0,0,1
27,0,176,4,1,0,0
30,0,96,3,1,0,0
17,0,45,3,1,0,1
22,0,258,3,2,0,1
12,0,258,3,1,0,1
29,0,96,3,1,0,1
21,0,96,3,1,0,1
19,0,258,3,1,0,1
21,0,96,3,1,0,1
5,0,141,2,0,0,0
16,0,96,3,1,0,0
14,0,364,3,1,0,1
47,0,94,2,2,0,0
15,0,258,3,1,0,1
17,0,96,3,1,0,1
14,0,96,3,1,0,1
23,0,50,2,3,0,1
15,0,123,3,1,0,1
20,0,290,2,2,0,1
19,0,96,3,1,0,1
15,0,181,2,1,0,1
22,0,258,3,1,0,1
30,0,96,3,1,0,1
11,0,96,3,0,0,1
23,0,96,3,1,0,1
19,0,45,3,1,0,1
18,0,96,3,2,0,0
17,0,96,3,1,0,1
27,0,96,3,1,0,1
23,0,116,2,1,0,1
37,0,261,4,2,0,1
13,0,180,2,1,0,1
20,0,45,3,1,0,0
16,0,237,2,2,0,0
20,0,96,3,1,0,1
15,0,56,2,1,0,1
15,0,242,3,1,0,1
22,0,340,2,1,0,1
17,0,96,3,1,0,0
10,0,84,2,1,0,1
26,0,96,3,1,0,1
17,0,258,3,1,0,1
17,0,96,3,1,0,1
14,0,248,2,1,0,1
34,0,302,4,1,0,0
20,0,258,3,1,0,1
21,0,128,2,1,0,1
27,0,96,3,1,0,1
39,0,96,3,1,0,1
21,0,96,3,1,0,1
28,0,258,3,1,0,1
14,0,236,2,0,0,1
16,0,46,2,2,0,1
16,0,96,3,1,0,1
16,0,96,3,1,0,1
18,0,45,3,1,0,1
14,0,250,2,2,0,1
26,0,96,3,1,0,1
14,0,96,3,0,0,1
26,0,96,3,1,0,1
16,0,82,2,1,0,1
15,0,96,3,0,0,0
15,0,96,3,1,0,1
17,0,96,3,1,0,1
24,0,96,3,1,0,1
15,0,96,3,1,0,1
16,0,136,2,2,0,1
16,0,359,4,1,0,1
17,0,96,3,1,0,0
21,0,45,3,1,0,1
21,0,84,2,1,0,1
19,0,96,3,1,0,1
14,0,223,3,2,0,1
16,0,96,3,1,0,1
22,0,96,3,1,0,1
19,0,96,3,1,0,1
27,0,290,2,2,0,1
27,0,96,3,1,0,1
22,0,96,3,1,0,1
74,0,205,4,2,0,1
12,0,123,3,1,0,1
43,0,261,4,2,0,1
17,0,242,3,1,0,1
18,0,96,3,1,0,1
18,0,96,3,1,0,1
16,0,180,2,1,0,1
22,0,96,3,1,0,1
28,0,237,2,2,0,1
14,0,96,3,1,0,1
17,0,96,3,1,0,1
13,0,270,2,1,0,1
27,0,96,3,1,0,1
45,0,94,2,2,0,1
22,0,96,3,1,0,1
13,0,75,2,1,0,1
12,0,96,3,1,0,1
34,0,96,3,1,0,1
48,0,96,3,3,0,0
20,0,258,3,1,0,1
25,0,96,3,1,0,1
19,0,96,3,1,0,1
24,0,96,3,1,0,1
18,0,175,2,1,0,1
34,0,94,2,2,0,1
22,0,242,3,1,0,1
15,0,96,3,1,0,1
20,0,96,3,1,0,1
20,0,96,3,1,0,1
19,0,96,3,1,0,1
40,0,364,3,3,0,0
25,0,96,3,1,0,1
15,0,96,3,1,0,1
14,0,41,2,1,0,1
22,0,96,3,1,0,1
14,0,96,3,1,0,1
40,0,96,3,1,0,1
31,0,335,3,4,0,0
13,0,96,3,0,0,1
38,0,45,3,1,0,1
14,0,367,2,2,0,1
21,0,96,3,1,0,0
13,0,237,2,1,0,1
20,0,290,2,0,0,1
20,0,168,2,1,0,1
13,0,153,2,1,0,1
20,0,112,2,1,0,1
42,0,96,3,1,0,1
37,0,94,2,1,0,1
14,0,290,2,1,0,1
16,0,96,3,1,0,1
22,0,96,3,1,0,1
20,0,96,3,0,0,1
16,0,82,2,1,0,1
33,0,71,2,2,0,0
19,0,96,3,1,0,1
17,0,309,5,1,0,0
16,0,345,2,2,0,1
16,0,96,3,1,0,1
19,0,248,2,1,0,1
32,0,45,3,1,0,1
27,0,96,3,1,0,1
25,0,364,3,2,0,0
26,0,136,2,0,0,1
25,0,75,2,2,0,1
24,0,248,2,1,0,1
12,0,258,3,1,0,1
